{
  "import_time": {
    "mean_ms": 0.17033760000000003,
    "min_ms": 0.115042,
    "max_ms": 0.429667,
    "iterations": 10
  },
  "agent_creation": {
    "mean_ms": 0.0008498190000000027,
    "min_ms": 0.000708,
    "max_ms": 0.024167,
    "median_ms": 0.000791,
    "iterations": 1000
  },
  "framework_overhead": {
    "mean_ms": 0.14432749,
    "min_ms": 0.128083,
    "max_ms": 0.608792,
    "median_ms": 0.135917,
    "iterations": 100
  },
  "code_stats": {
    "total_lines": 2670,
    "files": 24
  },
  "dependencies": [
    "httpx>=0.27",
    "pydantic>=2.0"
  ],
  "test_stats": {
    "lines": 3944,
    "files": 19
  }
}